{
  "hash": "ab8047d3",
  "configHash": "399de394",
  "lockfileHash": "4f56adee",
  "browserHash": "af920487",
  "optimized": {
    "@angular/common": {
      "src": "../../../../../../node_modules/@angular/common/fesm2022/common.mjs",
      "file": "@angular_common.js",
      "fileHash": "a719ba0a",
      "needsInterop": false
    },
    "@angular/core": {
      "src": "../../../../../../node_modules/@angular/core/fesm2022/core.mjs",
      "file": "@angular_core.js",
      "fileHash": "41b9bca3",
      "needsInterop": false
    },
    "@angular/platform-browser": {
      "src": "../../../../../../node_modules/@angular/platform-browser/fesm2022/platform-browser.mjs",
      "file": "@angular_platform-browser.js",
      "fileHash": "30a8e26c",
      "needsInterop": false
    },
    "@angular/router": {
      "src": "../../../../../../node_modules/@angular/router/fesm2022/router.mjs",
      "file": "@angular_router.js",
      "fileHash": "36bf4362",
      "needsInterop": false
    }
  },
  "chunks": {
    "chunk-FEU5HJHR": {
      "file": "chunk-FEU5HJHR.js"
    },
    "chunk-3CTMZKBG": {
      "file": "chunk-3CTMZKBG.js"
    },
    "chunk-MBENSOCI": {
      "file": "chunk-MBENSOCI.js"
    }
  }
}